-- phpMyAdmin SQL Dump
-- version 4.7.4
-- https://www.phpmyadmin.net/
--
-- Hôte : 127.0.0.1:3306
-- Généré le :  Dim 17 nov. 2019 à 16:15
-- Version du serveur :  5.7.19
-- Version de PHP :  7.1.9

SET SQL_MODE = "NO_AUTO_VALUE_ON_ZERO";
SET AUTOCOMMIT = 0;
START TRANSACTION;
SET time_zone = "+00:00";


/*!40101 SET @OLD_CHARACTER_SET_CLIENT=@@CHARACTER_SET_CLIENT */;
/*!40101 SET @OLD_CHARACTER_SET_RESULTS=@@CHARACTER_SET_RESULTS */;
/*!40101 SET @OLD_COLLATION_CONNECTION=@@COLLATION_CONNECTION */;
/*!40101 SET NAMES utf8mb4 */;

--
-- Base de données :  `monblog`
--

-- --------------------------------------------------------

--
-- Structure de la table `category`
--

DROP TABLE IF EXISTS `category`;
CREATE TABLE IF NOT EXISTS `category` (
  `id` tinyint(3) UNSIGNED NOT NULL AUTO_INCREMENT,
  `name` varchar(40) NOT NULL,
  `slug` varchar(255) NOT NULL,
  PRIMARY KEY (`id`)
) ENGINE=MyISAM AUTO_INCREMENT=18 DEFAULT CHARSET=utf8;

--
-- Déchargement des données de la table `category`
--

INSERT INTO `category` (`id`, `name`, `slug`) VALUES
(1, 'game', 'game'),
(2, 'voyage', 'voyage'),
(3, 'jeux', 'jeux'),
(4, 'voiture', 'voiture'),
(5, 'bord de mer', 'bord_de_mer'),
(6, 'nourriture', 'nourriture'),
(7, 'sport', 'sport'),
(11, 'info', 'info'),
(10, 'montagne', 'montagne');

-- --------------------------------------------------------

--
-- Structure de la table `post`
--

DROP TABLE IF EXISTS `post`;
CREATE TABLE IF NOT EXISTS `post` (
  `id` tinyint(5) UNSIGNED NOT NULL AUTO_INCREMENT,
  `slug` varchar(255) NOT NULL,
  `name` varchar(255) NOT NULL,
  `content` text NOT NULL,
  `created_at` datetime NOT NULL DEFAULT CURRENT_TIMESTAMP,
  `user_i` tinyint(3) UNSIGNED DEFAULT NULL,
  `category_id` tinyint(3) UNSIGNED DEFAULT NULL,
  PRIMARY KEY (`id`)
) ENGINE=MyISAM AUTO_INCREMENT=144 DEFAULT CHARSET=utf8;

--
-- Déchargement des données de la table `post`
--

INSERT INTO `post` (`id`, `slug`, `name`, `content`, `created_at`, `user_i`, `category_id`) VALUES
(53, 'objectif ', 'objectif ', 'kiukiukj,hfhyutd', '2019-05-20 21:10:58', 1, 2),
(58, 'ma_parti_1', 'ma parti 1 ok', 'Bienvenue. WordPress est un projet très spécial pour moi. Chaque développeur et contributeur ajoute quelque chose d’unique à ce projet, et ensemble nous créons quelque chose de beau, et dont je suis fier de faire partie. Nous avons passé des milliers d’heures sur le développement de WordPress, et nous nous attachons tous les jours à vous faciliter la vie. Merci à vous d’en faire une partie de votre monde.', '2019-10-20 17:37:06', 1, 8),
(60, 'ma_parti_3', 'ma parti 3 ok', 'Bienvenue. WordPress est un projet très spécial pour moi. Chaque développeur et contributeur ajoute quelque chose d’unique à ce projet, et ensemble nous créons quelque chose de beau, et dont je suis fier de faire partie. Nous avons passé des milliers d’heures sur le développement de WordPress, et nous nous attachons tous les jours à vous faciliter la vie. Merci à vous d’en faire une partie de votre monde.', '2019-10-20 17:37:06', 5, 1),
(61, 'ma_parti_4', 'ma parti 4 ok', 'Bienvenue. WordPress est un projet très spécial pour moi. Chaque développeur et contributeur ajoute quelque chose d’unique à ce projet, et ensemble nous créons quelque chose de beau, et dont je suis fier de faire partie. Nous avons passé des milliers d’heures sur le développement de WordPress, et nous nous attachons tous les jours à vous faciliter la vie. Merci à vous d’en faire une partie de votre monde.', '2019-10-20 17:37:06', 5, 2),
(63, 'ma_parti_100', 'ma parti 100 ddd', 'Bienvenue. WordPress est un projet très spécial pour moi. Chaque développeur et contributeur ajoute quelque chose d’unique à ce projet, et ensemble nous créons quelque chose de beau, et dont je suis fier de faire partie. Nous avons passé des milliers d’heures sur le développement de WordPress, et nous nous attachons tous les jours à vous faciliter la vie. Merci à vous d’en faire une partie de votre monde.', '2019-10-20 17:48:23', 1, 5),
(64, 'youti01', 'youti01', 'Bienvenue. WordPress est un projet très spécial pour moi. Chaque développeur et contributeur ajoute quelque chose d’unique à ce projet, et ensemble nous créons quelque chose de beau, et dont je suis fier de faire partie. Nous avons passé des milliers d’heures sur le développement de WordPress, et nous nous attachons tous les jours à vous faciliter la vie. Merci à vous d’en faire une partie de votre monde.', '2019-10-20 17:48:23', 4, 5),
(65, 'youti017457', 'youti017457', 'Bienvenue. WordPress est un projet très spécial pour moi. Chaque développeur et contributeur ajoute quelque chose d’unique à ce projet, et ensemble nous créons quelque chose de beau, et dont je suis fier de faire partie. Nous avons passé des milliers d’heures sur le développement de WordPress, et nous nous attachons tous les jours à vous faciliter la vie. Merci à vous d’en faire une partie de votre monde.', '2019-10-20 17:48:23', 3, 3),
(66, 'yo', 'yo', 'Bienvenue. WordPress est un projet très spécial pour moi. Chaque développeur et contributeur ajoute quelque chose d’unique à ce projet, et ensemble nous créons quelque chose de beau, et dont je suis fier de faire partie. Nous avons passé des milliers d’heures sur le développement de WordPress, et nous nous attachons tous les jours à vous faciliter la vie. Merci à vous d’en faire une partie de votre monde.', '2019-10-20 17:48:23', 1, 3),
(67, 'yoytjt', 'yoytjt', 'Bienvenue. WordPress est un projet très spécial pour moi. Chaque développeur et contributeur ajoute quelque chose d’unique à ce projet, et ensemble nous créons quelque chose de beau, et dont je suis fier de faire partie. Nous avons passé des milliers d’heures sur le développement de WordPress, et nous nous attachons tous les jours à vous faciliter la vie. Merci à vous d’en faire une partie de votre monde.', '2019-10-20 17:48:23', 5, 2),
(68, 'zouti', 'zouti', 'Bienvenue. WordPress est un projet très spécial pour moi. Chaque développeur et contributeur ajoute quelque chose d’unique à ce projet, et ensemble nous créons quelque chose de beau, et dont je suis fier de faire partie. Nous avons passé des milliers d’heures sur le développement de WordPress, et nous nous attachons tous les jours à vous faciliter la vie. Merci à vous d’en faire une partie de votre monde.', '2019-10-20 17:48:23', 4, 2),
(69, 'zoutiefz', 'zoutiefz', 'Bienvenue. WordPress est un projet très spécial pour moi. Chaque développeur et contributeur ajoute quelque chose d’unique à ce projet, et ensemble nous créons quelque chose de beau, et dont je suis fier de faire partie. Nous avons passé des milliers d’heures sur le développement de WordPress, et nous nous attachons tous les jours à vous faciliter la vie. Merci à vous d’en faire une partie de votre monde.', '2019-10-20 17:48:23', 4, 1),
(71, 'zoutiefzkyykykykykkykyk', 'zoutiefziukyiuk', 'Bienvenue. WordPress est un projet très spécial pour moi. Chaque développeur et contributeur ajoute quelque chose d’unique zoutiefzà ce projet, et ensemble nous créons quelque chose de beau, et dont je suis fier de faire partie. Nous avons passé des milliers d’heures sur le développement de WordPress, et nous nous attachons tous les jours à vous faciliter la vie. Merci à vous d’en faire une partie de votre monde.', '2019-10-20 17:48:23', 1, 4),
(72, 'uiu', 'uiu', 'Bienvenue. WordPress est un projet très spécial pour moi. Chaque développeur et contributeur ajoute quelque chose d’unique à ce projet, et ensemble nous créons quelque chose de beau, et dont je suis fier de faire partie. Nous avons passé des milliers d’heures sur le développement de WordPress, et nous nous attachons tous les jours à vous faciliter la vie. Merci à vous d’en faire une partie de votre monde.', '2019-10-20 17:48:23', 1, 4),
(73, 'ma_parti_10', 'ma parti 10 ok', 'Bienvenue. WordPress est un projet très spécial pour moi. Chaque développeur et contributeur ajoute quelque chose d’unique à ce projet, et ensemble nous créons quelque chose de beau, et dont je suis fier de faire partie. Nous avons passé des milliers d’heures sur le développement de WordPress, et nous nous attachons tous les jours à vous faciliter la vie. Merci à vous d’en faire une partie de votre monde.', '2019-10-20 17:58:40', 1, 1),
(75, 'ma_parti_12_maco', 'ma parti 122 ok', 'true cops', '2019-10-20 22:58:40', 3, 2),
(109, 'ma_parti_12_milli', 'cela fonctionne bien', 'ljil huoh zqezqez opi^po njoihu fdwsz rsrys uhohi xrs jopkjom ihoh fxdets mj^Ã¹ook Ã¹pl^Ã¹k lhlbn fwdw jmoj mojm vvxrtb :', '2019-11-02 18:03:35', 5, 4),
(108, 'ma_parti_12_mi', 'yÃ© tÃ© di ke yÃ© connÃ¨', ',iojhoih jojolj', '2019-11-02 17:42:53', 1, 5),
(76, 'ma_parti_13', 'ma parti 13 ju', 'Bienvenue. WordPress est un projet très spécial pour moi. Chaque développeur et contributeur ajoute quelque chose d’unique à ce projet, et ensemble nous créons quelque chose de beau, et dont je suis fier de faire partie. Nous avons passé des milliers d’heures sur le développement de WordPress, et nous nous attachons tous les jours à vous faciliter la vie. Merci à vous d’en faire une partie de votre monde.', '2019-10-20 17:58:40', 4, 5),
(77, 'ma_parti_14', 'ma parti 14 fr', 'Bienvenue. WordPress est un projet très spécial pour moi. Chaque développeur et contributeur ajoute quelque chose d’unique à ce projet, et ensemble nous créons quelque chose de beau, et dont je suis fier de faire partie. Nous avons passé des milliers d’heures sur le développement de WordPress, et nous nous attachons tous les jours à vous faciliter la vie. Merci à vous d’en faire une partie de votre monde.', '2019-10-20 17:58:40', 5, 6),
(78, 'ma_parti_15', 'ma parti 15 nb', 'Bienvenue. WordPress est un projet très spécial pour moi. Chaque développeur et contributeur ajoute quelque chose d’unique à ce projet, et ensemble nous créons quelque chose de beau, et dont je suis fier de faire partie. Nous avons passé des milliers d’heures sur le développement de WordPress, et nous nous attachons tous les jours à vous faciliter la vie. Merci à vous d’en faire une partie de votre monde.', '2019-10-20 17:58:40', 1, 6),
(79, 'ma_parti_16', 'ma parti 16 j', 'Bienvenue. WordPress est un projet très spécial pour moi. Chaque développeur et contributeur ajoute quelque chose d’unique à ce projet, et ensemble nous créons quelque chose de beau, et dont je suis fier de faire partie. Nous avons passé des milliers d’heures sur le développement de WordPress, et nous nous attachons tous les jours à vous faciliter la vie. Merci à vous d’en faire une partie de votre monde.', '2019-10-20 17:58:40', 5, 7),
(81, 'ma_parti_18', 'ma parti 18ju', 'Bienvenue. WordPress est un projet très spécial pour moi. Chaque développeur et contributeur ajoute quelque chose d’unique à ce projet, et ensemble nous créons quelque chose de beau, et dont je suis fier de faire partie. Nous avons passé des milliers d’heures sur le développement de WordPress, et nous nous attachons tous les jours à vous faciliter la vie. Merci à vous d’en faire une partie de votre monde.', '2019-10-20 17:58:40', 1, 7),
(82, 'ma_parti_19', 'ma parti 19 vsd', 'Bienvenue. WordPress est un projet très spécial pour moi. Chaque développeur et contributeur ajoute quelque chose d’unique à ce projet, et ensemble nous créons quelque chose de beau, et dont je suis fier de faire partie. Nous avons passé des milliers d’heures sur le développement de WordPress, et nous nous attachons tous les jours à vous faciliter la vie. Merci à vous d’en faire une partie de votre monde.', '2019-10-20 17:58:40', 1, 7),
(84, 'ma_parti_21', 'ma parti 21 uy', 'Bienvenue. WordPress est un projet très spécial pour moi. Chaque développeur et contributeur ajoute quelque chose d’unique à ce projet, et ensemble nous créons quelque chose de beau, et dont je suis fier de faire partie. Nous avons passé des milliers d’heures sur le développement de WordPress, et nous nous attachons tous les jours à vous faciliter la vie. Merci à vous d’en faire une partie de votre monde.', '2019-10-20 17:58:40', 5, 6),
(85, 'ma_parti_22', 'ma parti 22 sdf', 'Bienvenue. WordPress est un projet très spécial pour moi. Chaque développeur et contributeur ajoute quelque chose d’unique à ce projet, et ensemble nous créons quelque chose de beau, et dont je suis fier de faire partie. Nous avons passé des milliers d’heures sur le développement de WordPress, et nous nous attachons tous les jours à vous faciliter la vie. Merci à vous d’en faire une partie de votre monde.Bienvenue. WordPress est un projet très spécial pour moi. Chaque développeur et contributeur ajoute quelque chose d’unique à ce projet, et ensemble nous créons quelque chose de beau, et dont je suis fier de faire partie. Nous avons passé des milliers d’heures sur le développement de WordPress, et nous nous attachons tous les jours à vous faciliter la vie. Merci à vous d’en faire une partie de votre monde.Bienvenue. WordPress est un projet très spécial pour moi. Chaque développeur et contributeur ajoute quelque chose d’unique à ce projet, et ensemble nous créons quelque chose de beau, et dont je suis fier de faire partie. Nous avons passé des milliers d’heures sur le développement de WordPress, et nous nous attachons tous les jours à vous faciliter la vie. Merci à vous d’en faire une partie de votre monde.', '2019-10-20 17:58:40', 5, 6),
(87, 'ma_parti_24', 'ma parti 24 jjuy', 'Bienvenue. WordPress est un projet très spécial pour moi. Chaque développeur et contributeur ajoute quelque chose d’unique à ce projet, et ensemble nous créons quelque chose de beau, et dont je suis fier de faire partie. Nous avons passé des milliers d’heures sur le développement de WordPress, et nous nous attachons tous les jours à vous faciliter la vie. Merci à vous d’en faire une partie de votre monde.Bienvenue. WordPress est un projet très spécial pour moi. Chaque développeur et contributeur ajoute quelque chose d’unique à ce projet, et ensemble nous créons quelque chose de beau, et dont je suis fier de faire partie. Nous avons passé des milliers d’heures sur le développement de WordPress, et nous nous attachons tous les jours à vous faciliter la vie. Merci à vous d’en faire une partie de votre monde.', '2019-10-20 17:58:40', 1, 4),
(88, 'ma_parti_25', 'ma parti 25 sdq', 'Bienvenue. WordPress est un projet très spécial pour moi. Chaque développeur et contributeur ajoute quelque chose d’unique à ce projet, et ensemble nous créons quelque chose de beau, et dont je suis fier de faire partie. Nous avons passé des milliers d’heures sur le développement de WordPress, et nous nous attachons tous les jours à vous faciliter la vie. Merci à vous d’en faire une partie de votre monde.Bienvenue. WordPress est un projet très spécial pour moi. Chaque développeur et contributeur ajoute quelque chose d’unique à ce projet, et ensemble nous créons quelque chose de beau, et dont je suis fier de faire partie. Nous avons passé des milliers d’heures sur le développement de WordPress, et nous nous attachons tous les jours à vous faciliter la vie. Merci à vous d’en faire une partie de votre monde.Bienvenue. WordPress est un projet très spécial pour moi. Chaque développeur et contributeur ajoute quelque chose d’unique à ce projet, et ensemble nous créons quelque chose de beau, et dont je suis fier de faire partie. Nous avons passé des milliers d’heures sur le développement de WordPress, et nous nous attachons tous les jours à vous faciliter la vie. Merci à vous d’en faire une partie de votre monde.Bienvenue. WordPress est un projet très spécial pour moi. Chaque développeur et contributeur ajoute quelque chose d’unique à ce projet, et ensemble nous créons quelque chose de beau, et dont je suis fier de faire partie. Nous avons passé des milliers d’heures sur le développement de WordPress, et nous nous attachons tous les jours à vous faciliter la vie. Merci à vous d’en faire une partie de votre monde.Bienvenue. WordPress est un projet très spécial pour moi. Chaque développeur et contributeur ajoute quelque chose d’unique à ce projet, et ensemble nous créons quelque chose de beau, et dont je suis fier de faire partie. Nous avons passé des milliers d’heures sur le développement de WordPress, et nous nous attachons tous les jours à vous faciliter la vie. Merci à vous d’en faire une partie de votre monde.', '2019-10-20 17:58:40', 1, 1),
(89, 'ma_parti_26', 'ma parti 26 df', 'Bienvenue. WordPress est un projet très spécial pour moi. Chaque développeur et contributeur ajoute quelque chose d’unique à ce projet, et ensemble nous créons quelque chose de beau, et dont je suis fier de faire partie. Nous avons passé des milliers d’heures sur le développement de WordPress, et nous nous attachons tous les jours à vous faciliter la vie. Merci à vous d’en faire une partie de votre monde.', '2019-10-20 17:58:40', 5, 5),
(92, 'ma_parti_29', 'ma parti 29 dzz', 'Bienvenue. WordPress est un projet très spécial pour moi. Chaque développeur et contributeur ajoute quelque chose d’unique à ce projet, et ensemble nous créons quelque chose de beau, et dont je suis fier de faire partie. Nous avons passé des milliers d’heures sur le développement de WordPress, et nous nous attachons tous les jours à vous faciliter la vie. Merci à vous d’en faire une partie de votre monde.', '2019-10-20 17:58:40', 5, 3),
(94, 'jerykane_445', 'jerykane 445', 'C:\\wamp64\\www\\3 sse\\src\\r uter\\ Rou\r\nter. hp(35): require_once()\r\n#1 C:\\wa mp64\\www \\3wa\\ ic\\index.php(19): Router->run()\r\n#2 {main}\r\n  thrown in C:\\wamp64\\www\\3wa\\developpement web\\PHP\\testClasse\\views\\exo\\home.php on line 25Stack trace:\r\n#0 C:\\wamp64\\www\\3wa\\developpement web\\PHP\\testClasse\\src\\router\\Router.php(35): require_once()\r\n#1 C:\\wamp64\\www\\3wa\\developpement web\\PHP\\testClasse\\public\\index.php(19): Router->run()\r\n#2 {main}\r\n  thrown in C:\\wamp64\\www\\3wa\\developpement web\\PHP\\testClasse\\views\\exo\\home.php on line 25Stack trace:\r\n#0 C:\\wamp64\\www\\3wa\\developpement web\\PHP\\testClasse\\src\\router\\Router.php(35): require_once()\r\n#1 C:\\wamp64\\www\\3wa\\developpement web\\PHP\\testClasse\\public\\index.php(19): Router->run()\r\n#2 {main}\r\n  thrown in C:\\wamp64\\www\\3wa\\developpement web\\PHP\\testClasse\\views\\exo\\home.php on line 25Stack trace:\r\n#0 C:\\wamp64\\www\\3wa\\developpement web\\PHP\\testClasse\\src\\router\\Router.php(35): require_once()\r\n#1 C:\\wamp64\\www\\3wa\\developpement web\\PHP\\testClasse\\public\\index.php(19): Router->run()\r\n#2 {main}\r\n  thrown in C:\\wamp64\\www\\3wa\\developpement web\\PHP\\testClasse\\views\\exo\\home.php on line 25', '2019-10-21 14:55:12', 22, 3),
(95, 'jerykane_448', 'jerykane 448', 'require_once()\r\n#1 C:\\wa mp6 4\\www\\3 wa\\d evelo ppe ment web\\ PHP\\test Classe\\pub lic\\index. hp(1 9): Rou ter- > run()\r\n#2 {main}\r\n  thrown in C:\\wamp64\\www\\3wa\\developpement web\\PHP\\testClasse\\views\\exo\\home.php on line 25', '2019-10-21 14:55:12', 19, 4),
(96, 'jerykane_446', 'jerykane 446', 'Sweb\\ PHP\\tes tClasse\\p ublic\\i ndex. php(19) :  Rout er- >r un()#2 {main} thrown in C:\\wam 64\\www\\3 wa\\deve loppem ent web\\PH P\\test Cla sse vi ews\\ ex o\\ho me.p hp  on line 25', '2019-10-21 14:55:12', 1, 1),
(97, 'jerykane_441', 'jerykane 441', 'nce()1 C:\\ wamp64 \\www\\3 wa\\dev  web\\PH P\\te st Cla sse \\publ i c\\inde x.php( 19): Rou ter->ru n() C: \\w amp 64\\ www\\ 3wa\\d evelop pement web\\ PHP\\ te stC las se\\v iews\\ exo\\home.php on line  25S tack trac e :<br /> <br /><br /><br />\r\n#0 C:\\wamp64\\www\\3wa\\developpement web\\PHP\\testClasse\\src\\router\\Router.php(35): require_once()<br /><br /><br /><br />\r\n#1 C:\\wamp64\\www\\3wa\\developpement web\\PHP\\testClasse\\public\\index.php(19): Router->run()<br /><br /><br /><br />\r\n#2 {main}<br /><br /><br /><br />\r\n  thrown in C:\\wamp64\\www\\3wa\\developpement web\\PHP\\testClasse\\views\\exo\\home.php on line 25Stack trace:<br /><br /><br /><br />\r\n#0 C:\\wamp64\\www\\3wa\\developpement web\\PHP\\testClasse\\src\\router\\Router.php(35): require_once()<br /><br /><br /><br />\r\n#1 C:\\wamp64\\www\\3wa\\developpement web\\PHP\\testClasse\\public\\index.php(19): Router->run()<br /><br /><br /><br />\r\n#2 {main}<br /><br /><br /><br />\r\n  thrown in C:\\wamp64\\www\\3wa\\developpement web\\PHP\\testClasse\\views\\exo\\home.php on line 25Stack trace:<br /><br /><br /><br />\r\n#0 C:\\wamp64\\www\\3wa\\developpement web\\PHP\\testClasse\\src\\router\\Router.php(35): require_once()<br /><br /><br /><br />\r\n#1 C:\\wamp64\\www\\3wa\\developpement web\\PHP\\testClasse\\public\\index.php(19): Router->run()<br /><br /><br /><br />\r\n#2 {main}<br /><br /><br /><br />\r\n  thrown in C:\\wamp64\\www\\3wa\\developpement web\\PHP\\testClasse\\views\\exo\\home.php on line 25Stack trace:<br /><br /><br /><br />\r\n#0 C:\\wamp64\\www\\3wa\\developpement web\\PHP\\testClasse\\src\\router\\Router.php(35): require_once()<br /><br /><br /><br />\r\n#1 C:\\wamp64\\www\\3wa\\developpement web\\PHP\\testClasse\\public\\index.php(19): Router->run()<br /><br /><br /><br />\r\n#2 {main}<br /><br /><br /><br />\r\n  thrown in C:\\wamp64\\www\\3wa\\developpement web\\PHP\\testClasse\\views\\exo\\home.php on line 25Stack trace:<br /><br /><br /><br />\r\n#0 C:\\wamp64\\www\\3wa\\developpement web\\PHP\\testClasse\\src\\router\\Router.php(35): require_once()<br /><br /><br /><br />\r\n#1 C:\\wamp64\\www\\3wa\\developpement web\\PHP\\testClasse\\public\\index.php(19): Router->run()<br /><br /><br /><br />\r\n#2 {main}<br /><br /><br /><br />\r\n  thrown in C:\\wamp64\\www\\3wa\\developpement web\\PHP\\testClasse\\views\\exo\\home.php on line 25Stack trace:<br /><br /><br /><br />\r\n#0 C:\\wamp64\\www\\3wa\\developpement web\\PHP\\testClasse\\src\\router\\Router.php(35): require_once()<br /><br /><br /><br />\r\n#1 C:\\wamp64\\www\\3wa\\developpement web\\PHP\\testClasse\\public\\index.php(19): Router->run()<br /><br /><br /><br />\r\n#2 {main}<br /><br /><br /><br />\r\n  thrown in C:\\wamp64\\www\\3wa\\developpement web\\PHP\\testClasse\\views\\exo\\home.php on line 25Stack trace:<br /><br /><br /><br />\r\n#0 C:\\wamp64\\www\\3wa\\developpement web\\PHP\\testClasse\\src\\router\\Router.php(35): require_once()<br /><br /><br /><br />\r\n#1 C:\\wamp64\\www\\3wa\\developpement web\\PHP\\testClasse\\public\\index.php(19): Router->run()<br /><br /><br /><br />\r\n#2 {main}<br /><br /><br /><br />\r\n  thrown in C:\\wamp64\\www\\3wa\\developpement web\\PHP\\testClasse\\views\\exo\\home.php on line 25', '2019-10-21 14:55:12', 1, 5),
(98, 'deux_euro', 'deux euros', 'Bienvenue. WordPress est un projet très spécial pour moi. Chaque développeur et contributeur ajoute quelque chose d’unique à ce projet, et ensemble nous créons quelque chose de beau, et dont je suis fier de faire partie. Nous avons passé des milliers d’heures sur le développement de WordPress, et nous nous attachons tous les jours à vous faciliter la vie. Merci à vous d’en faire une partie de votre monde.', '2019-10-25 17:07:56', 5, 1),
(100, 'le_liquide_move', 'le liquide move', 'Bienvenue. WordPress est un projet très spécial pour moi. Chaque développeur et contributeur ajoute quelque chose d’unique à ce projet, et ensemble nous créons quelque chose de beau, et dont je suis fier de faire partie. Nous avons passé des milliers d’heures sur le développement de WordPress, et nous nous attachons tous les jours à vous faciliter la vie. Merci à vous d’en faire une partie de votre monde.', '2019-10-25 17:07:56', 1, 1),
(102, 'ma_poubelle_jaune', 'ma poubelle jaune', 'Bienvenue. WordPress est un projet très spécial pour moi. Chaque développeur et contributeur ajoute quelque chose d’unique à ce projet, et ensemble nous créons quelque chose de beau, et dont je suis fier de faire partie. Nous avons passé des milliers d’heures sur le développement de WordPress, et nous nous attachons tous les jours à vous faciliter la vie. Merci à vous d’en faire une partie de votre monde.Bienvenue. WordPress est un projet très spécial pour moi. Chaque développeur et contributeur ajoute quelque chose d’unique à ce projet, et ensemble nous créons quelque chose de beau, et dont je suis fier de faire partie. Nous avons passé des milliers d’heures sur le développement de WordPress, et nous nous attachons tous les jours à vous faciliter la vie. Merci à vous d’en faire une partie de votre monde.Bienvenue. WordPress est un projet très spécial pour moi. Chaque développeur et contributeur ajoute quelque chose d’unique à ce projet, et ensemble nous créons quelque chose de beau, et dont je suis fier de faire partie. Nous avons passé des milliers d’heures sur le développement de WordPress, et nous nous attachons tous les jours à vous faciliter la vie. Merci à vous d’en faire une partie de votre monde.Bienvenue. WordPress est un projet très spécial pour moi. Chaque développeur et contributeur ajoute quelque chose d’unique à ce projet, et ensemble nous créons quelque chose de beau, et dont je suis fier de faire partie. Nous avons passé des milliers d’heures sur le développement de WordPress, et nous nous attachons tous les jours à vous faciliter la vie. Merci à vous d’en faire une partie de votre monde.Bienvenue. WordPress est un projet très spécial pour moi. Chaque développeur et contributeur ajoute quelque chose d’unique à ce projet, et ensemble nous créons quelque chose de beau, et dont je suis fier de faire partie. Nous avons passé des milliers d’heures sur le développement de WordPress, et nous nous attachons tous les jours à vous faciliter la vie. Merci à vous d’en faire une partie de votre monde.Bienvenue. WordPress est un projet très spécial pour moi. Chaque développeur et contributeur ajoute quelque chose d’unique à ce projet, et ensemble nous créons quelque chose de beau, et dont je suis fier de faire partie. Nous avons passé des milliers d’heures sur le développement de WordPress, et nous nous attachons tous les jours à vous faciliter la vie. Merci à vous d’en faire une partie de votre monde.Bienvenue. WordPress est un projet très spécial pour moi. Chaque développeur et contributeur ajoute quelque chose d’unique à ce projet, et ensemble nous créons quelque chose de beau, et dont je suis fier de faire partie. Nous avons passé des milliers d’heures sur le développement de WordPress, et nous nous attachons tous les jours à vous faciliter la vie. Merci à vous d’en faire une partie de votre monde.Bienvenue. WordPress est un projet très spécial pour moi. Chaque développeur et contributeur ajoute quelque chose d’unique à ce projet, et ensemble nous créons quelque chose de beau, et dont je suis fier de faire partie. Nous avons passé des milliers d’heures sur le développement de WordPress, et nous nous attachons tous les jours à vous faciliter la vie. Merci à vous d’en faire une partie de votre monde.Bienvenue. WordPress est un projet très spécial pour moi. Chaque développeur et contributeur ajoute quelque chose d’unique à ce projet, et ensemble nous créons quelque chose de beau, et dont je suis fier de faire partie. Nous avons passé des milliers d’heures sur le développement de WordPress, et nous nous attachons tous les jours à vous faciliter la vie. Merci à vous d’en faire une partie de votre monde.Bienvenue. WordPress est un projet très spécial pour moi. Chaque développeur et contributeur ajoute quelque chose d’unique à ce projet, et ensemble nous créons quelque chose de beau, et dont je suis fier de faire partie. Nous avons passé des milliers d’heures sur le développement de WordPress, et nous nous attachons tous les jours à vous faciliter la vie. Merci à vous d’en faire une partie de votre monde.Bienvenue. WordPress est un projet très spécial pour moi. Chaque développeur et contributeur ajoute quelque chose d’unique à ce projet, et ensemble nous créons quelque chose de beau, et dont je suis fier de faire partie. Nous avons passé des milliers d’heures sur le développement de WordPress, et nous nous attachons tous les jours à vous faciliter la vie. Merci à vous d’en faire une partie de votre monde.Bienvenue. WordPress est un projet très spécial pour moi. Chaque développeur et contributeur ajoute quelque chose d’unique à ce projet, et ensemble nous créons quelque chose de beau, et dont je suis fier de faire partie. Nous avons passé des milliers d’heures sur le développement de WordPress, et nous nous attachons tous les jours à vous faciliter la vie. Merci à vous d’en faire une partie de votre monde.Bienvenue. WordPress est un projet très spécial pour moi. Chaque développeur et contributeur ajoute quelque chose d’unique à ce projet, et ensemble nous créons quelque chose de beau, et dont je suis fier de faire partie. Nous avons passé des milliers d’heures sur le développement de WordPress, et nous nous attachons tous les jours à vous faciliter la vie. Merci à vous d’en faire une partie de votre monde.Bienvenue. WordPress est un projet très spécial pour moi. Chaque développeur et contributeur ajoute quelque chose d’unique à ce projet, et ensemble nous créons quelque chose de beau, et dont je suis fier de faire partie. Nous avons passé des milliers d’heures sur le développement de WordPress, et nous nous attachons tous les jours à vous faciliter la vie. Merci à vous d’en faire une partie de votre monde.Bienvenue. WordPress est un projet très spécial pour moi. Chaque développeur et contributeur ajoute quelque chose d’unique à ce projet, et ensemble nous créons quelque chose de beau, et dont je suis fier de faire partie. Nous avons passé des milliers d’heures sur le développement de WordPress, et nous nous attachons tous les jours à vous faciliter la vie. Merci à vous d’en faire une partie de votre monde.Bienvenue. WordPress est un projet très spécial pour moi. Chaque développeur et contributeur ajoute quelque chose d’unique à ce projet, et ensemble nous créons quelque chose de beau, et dont je suis fier de faire partie. Nous avons passé des milliers d’heures sur le développement de WordPress, et nous nous attachons tous les jours à vous faciliter la vie. Merci à vous d’en faire une partie de votre monde.Bienvenue. WordPress est un projet très spécial pour moi. Chaque développeur et contributeur ajoute quelque chose d’unique à ce projet, et ensemble nous créons quelque chose de beau, et dont je suis fier de faire partie. Nous avons passé des milliers d’heures sur le développement de WordPress, et nous nous attachons tous les jours à vous faciliter la vie. Merci à vous d’en faire une partie de votre monde.Bienvenue. WordPress est un projet très spécial pour moi. Chaque développeur et contributeur ajoute quelque chose d’unique à ce projet, et ensemble nous créons quelque chose de beau, et dont je suis fier de faire partie. Nous avons passé des milliers d’heures sur le développement de WordPress, et nous nous attachons tous les jours à vous faciliter la vie. Merci à vous d’en faire une partie de votre monde.Bienvenue. WordPress est un projet très spécial pour moi. Chaque développeur et contributeur ajoute quelque chose d’unique à ce projet, et ensemble nous créons quelque chose de beau, et dont je suis fier de faire partie. Nous avons passé des milliers d’heures sur le développement de WordPress, et nous nous attachons tous les jours à vous faciliter la vie. Merci à vous d’en faire une partie de votre monde.Bienvenue. WordPress est un projet très spécial pour moi. Chaque développeur et contributeur ajoute quelque chose d’unique à ce projet, et ensemble nous créons quelque chose de beau, et dont je suis fier de faire partie. Nous avons passé des milliers d’heures sur le développement de WordPress, et nous nous attachons tous les jours à vous faciliter la vie. Merci à vous d’en faire une partie de votre monde.Bienvenue. WordPress est un projet très spécial pour moi. Chaque développeur et contributeur ajoute quelque chose d’unique à ce projet, et ensemble nous créons quelque chose de beau, et dont je suis fier de faire partie. Nous avons passé des milliers d’heures sur le développement de WordPress, et nous nous attachons tous les jours à vous faciliter la vie. Merci à vous d’en faire une partie de votre monde.Bienvenue. WordPress est un projet très spécial pour moi. Chaque développeur et contributeur ajoute quelque chose d’unique à ce projet, et ensemble nous créons quelque chose de beau, et dont je suis fier de faire partie. Nous avons passé des milliers d’heures sur le développement de WordPress, et nous nous attachons tous les jours à vous faciliter la vie. Merci à vous d’en faire une partie de votre monde.Bienvenue. WordPress est un projet très spécial pour moi. Chaque développeur et contributeur ajoute quelque chose d’unique à ce projet, et ensemble nous créons quelque chose de beau, et dont je suis fier de faire partie. Nous avons passé des milliers d’heures sur le développement de WordPress, et nous nous attachons tous les jours à vous faciliter la vie. Merci à vous d’en faire une partie de votre monde.', '2019-10-25 17:07:56', 1, 1),
(136, 'mes_livres', 'ma liste de livre', 'mes livres', '2019-11-15 14:40:54', 22, 12),
(119, 'qqq', 'qqq', 'qqq', '2019-11-07 18:38:51', 1, 1),
(124, 'huihuoi', 'opjo', 'jhuohu', '2019-11-07 20:00:47', 5, 2),
(126, 'hirondelle_pikou', 'hirondelle pikou', 'shsj,dut,kuuuuuuu;kl ,yfj, hjndty ref fre erht yjuki fdve feqbv', '2019-11-12 17:59:15', 5, 4),
(127, 'mikados', 'mikados', 'toi ti conÃ© , cvdfvedv bqe bv eq bqe', '2019-11-12 18:52:08', 1, 5),
(135, 'mon_article', 'mon premier article', 'mon article', '2019-11-14 14:25:39', 22, 11);

-- --------------------------------------------------------

--
-- Structure de la table `user`
--

DROP TABLE IF EXISTS `user`;
CREATE TABLE IF NOT EXISTS `user` (
  `id` tinyint(5) UNSIGNED NOT NULL AUTO_INCREMENT,
  `username` varchar(80) NOT NULL,
  `email` varchar(120) NOT NULL,
  `password` varchar(64) NOT NULL,
  `created_at` datetime NOT NULL DEFAULT CURRENT_TIMESTAMP,
  PRIMARY KEY (`id`)
) ENGINE=MyISAM AUTO_INCREMENT=29 DEFAULT CHARSET=utf8;

--
-- Déchargement des données de la table `user`
--

INSERT INTO `user` (`id`, `username`, `email`, `password`, `created_at`) VALUES
(24, 'poki', 'poki@gmail.com', '$2y$10$cS7Q5RwfaVbWIDKlrbTKVeHykDaEFpIh5YdKdJHzPsSAvj5Hd5KDW', '2019-11-15 18:23:45'),
(1, 'kanne', 'kanne@gmail.com', '$2y$10$VjtqYbqO0ZxgDCA4ZCKeaueoy7pkeBDoHbmALmVQAN752BoKVEtz2', '2019-11-12 18:56:47'),
(5, 'rio', 'rio@gmail.com', '$2y$10$blm/hMaVj2vMlPRRri/cKeSkNbHMkYPm2Rc65nl9AV3ebwGcQaVdq', '2019-05-25 22:37:40'),
(23, 'madi', 'madi@gmail.com', '$2y$10$eslvQ0cxspleIs.tCj8wH.0UDh2465e3.7q4jXQH5FlTgPcECdtwC', '2019-11-15 14:40:51'),
(19, 'mika', 'mika@gmail.com', '$2y$10$qsdbysYFwUIl9wJ4zSOowemAkyNr1Z4UvwdaQrinUNqPpgdkoS4ie', '2019-11-14 13:19:39'),
(22, 'youmi', 'youmi@laposte.fr', '$2y$10$cM/vfWFPLBnm3pp35R9LgOInDHZxUhfvcV3ZnIDOiboDUoW1m0HJC', '2019-11-14 15:24:57'),
(28, 'test1', 'test1@gmail.com', '$2y$10$F3l.h0p0ZRhHihEgFQGVhek6vWtEEtl9sn5GYZbaRtOVTLFtEhUWu', '2019-11-17 17:11:52');
COMMIT;

/*!40101 SET CHARACTER_SET_CLIENT=@OLD_CHARACTER_SET_CLIENT */;
/*!40101 SET CHARACTER_SET_RESULTS=@OLD_CHARACTER_SET_RESULTS */;
/*!40101 SET COLLATION_CONNECTION=@OLD_COLLATION_CONNECTION */;
